Model,Train Accuracy,Test Accuracy,Train F1,Test F1,Accuracy Gap,F1 Score Gap
Gradient Boosting (100),0.9803439803439803,0.8578431372549019,0.9798647353333666,0.8371913580246914,0.12250084308907838,0.14267337730867524
Voting (RF + LR + KNN) with StandardScaler,0.9066339066339066,0.8333333333333334,0.8902231220960158,0.8090741978609626,0.07330057330057327,0.08114892423505327
